<?xml version="1.0"?>
<toolbar>
	<!-- tooltip, value, width -->
	<item id="filter" type="buttonInput" title="Tooltip here" value="Enter text..." width="120">
		<!-- userdata for select item -->
		<userdata name="my_data_name">my_data_value</userdata>
		<userdata name="more_info">new_value</userdata>
	</item>
	<!-- disabled -->
	<item id="disabled" type="buttonInput" title="Disabled input" value="Disabled input" enabled="false"/>
	<!-- hidden -->
	<item id="hidden" type="buttonInput" value="Hidden input" hidden="true"/>
</toolbar>
